Model,MAE,RMSE,R2
Random Forest,0.3292842811288761,0.5059018036431161,0.8046894983328573
Linear Regression,0.4976815733042114,0.6866665065990403,0.640180356580059
